"","id","year","gear","quarter","vlenght","species","tot_fish_weight","tot_fish_value"
"1","02E8","2021","PS","1","VL1218","HMM",43.106,46437.58
"2","02E8","2021","PS","1","VL1218","JAA",14.298,5179.56
"3","02E8","2021","PS","1","VL1218","MAZ",39.398,20333.38
"4","02E8","2021","PS","2","VL1218","ANE",2.892,5705.76
"5","02E8","2021","PS","2","VL1218","BOG",1.76,619.88
"6","02E8","2021","PS","2","VL1218","BON",0.094,461.32
"7","02E8","2021","PS","2","VL1218","HMM",80.828,87075.02
"8","02E8","2021","PS","2","VL1218","MAZ",1.666,859.82
"9","02E8","2021","PS","2","VL1218","PIL",3.794,6571.3
"10","02E8","2021","PS","2","VL1218","SAA",51.228,21697.82
"11","02E8","2021","PS","2","VL1218","SQE",0.014,58.9
"12","02E8","2021","PS","3","VL1218","BON",0.062,304.28
"13","02E8","2021","PS","3","VL1218","FRI",19.676,17746.38
"14","02E8","2021","PS","3","VL1218","HMM",65.646,70719.64
"15","02E8","2021","PS","3","VL1218","JAA",5.416,1962
"16","02E8","2021","PS","3","VL1218","LTA",2.724,5864.14
"17","02E8","2021","PS","3","VL1218","MAZ",44.072,22745.64
"18","02E8","2021","PS","3","VL1218","POP",0.412,1073.46
"19","02E8","2021","PS","3","VL1218","SAA",153.12,64854.56
"20","02E8","2021","PS","3","VL1218","SBS",1.362,2021.38
"21","02E8","2021","PS","3","VL1218","SQC",0.016,182.2
"22","02E8","2021","PS","3","VL1218","SRG",0.022,98.62
"23","02E8","2021","PS","3","VL1218","YRS",0.372,734.46
"24","02E8","2021","PS","3","VL1824","FRI",34.57,31179.74
"25","02E8","2021","PS","4","VL1218","BOG",3.472,1222.86
"26","02E8","2021","PS","4","VL1218","BON",0.01,49.08
"27","02E8","2021","PS","4","VL1218","FRI",75,67644.78
"28","02E8","2021","PS","4","VL1218","HMM",26.26,28289.58
"29","02E8","2021","PS","4","VL1218","LTA",5.448,11728.28
"30","02E8","2021","PS","4","VL1218","MAZ",17.188,8870.76
"31","02E8","2021","PS","4","VL1218","PAC",0.018,57.36
"32","02E8","2021","PS","4","VL1218","SAA",2.852,1207.98
"33","02E8","2021","PS","4","VL1218","SBS",0.662,982.48
"34","02E8","2021","PS","4","VL1218","SLM",4.842,3887.14
"35","02E8","2021","PS","4","VL1218","SQE",0.024,100.98
"36","02E8","2021","PS","4","VL1218","YRS",0.33,651.54
"37","02E8","2021","PS","4","VL1824","FRI",21.952,19799.18
"38","03E8","2021","PS","1","VL1218","HMM",1114.233,1200349.76
"39","03E8","2021","PS","1","VL1218","JAA",496.124,179724.98
"40","03E8","2021","PS","1","VL1218","MAZ",517.731,267201.71
"41","03E8","2021","PS","1","VL1218","SAA",1679.363,711300.58
"42","03E8","2021","PS","1","VL1824","HOM",82.274,90642.76
"43","03E8","2021","PS","1","VL1824","MAZ",112.53,58076.95
"44","03E8","2021","PS","1","VL1824","SAA",112.468,47636.15
"45","03E8","2021","PS","2","VL1218","HMM",652.55,702984.21
"46","03E8","2021","PS","2","VL1218","JAA",37.324,13520.96
"47","03E8","2021","PS","2","VL1218","MAC",69.161,158978.85
"48","03E8","2021","PS","2","VL1218","MAZ",259.377,133864.82
"49","03E8","2021","PS","2","VL1218","PIL",15.717,27222.34
"50","03E8","2021","PS","2","VL1218","SAA",1445.158,612102.13
"51","03E8","2021","PS","2","VL1218","YRS",0.806,1591.23
"52","03E8","2021","PS","2","VL1824","SAA",1159.555,491133.93
"53","03E8","2021","PS","3","VL1218","ANE",62.775,123851.82
"54","03E8","2021","PS","3","VL1218","BON",4.681,22972.55
"55","03E8","2021","PS","3","VL1218","FRI",15.438,13923.96
"56","03E8","2021","PS","3","VL1218","HMM",835.605,900187.3
"57","03E8","2021","PS","3","VL1218","JAA",308.76,111850.79
"58","03E8","2021","PS","3","VL1218","LTA",25.792,55524.1
"59","03E8","2021","PS","3","VL1218","MAZ",128.34,66236.46
"60","03E8","2021","PS","3","VL1218","PIL",18.91,32752.43
"61","03E8","2021","PS","3","VL1218","POP",2.604,6784.66
"62","03E8","2021","PS","3","VL1218","SAA",3503.62,1483971.55
"63","03E8","2021","PS","3","VL1218","SRG",0.217,972.78
"64","03E8","2021","PS","3","VL1218","YRS",14.508,28644.31
"65","03E8","2021","PS","3","VL1824","ANE",157.449,310638.91
"66","03E8","2021","PS","3","VL1824","SAA",394.847,167239.11
"67","03E8","2021","PS","4","VL1218","BOG",19.003,6692.9
"68","03E8","2021","PS","4","VL1218","HMM",326.678,351926.26
"69","03E8","2021","PS","4","VL1218","JAA",125.333,45402.91
"70","03E8","2021","PS","4","VL1218","MAZ",80.569,41581.85
"71","03E8","2021","PS","4","VL1218","PIL",130.696,226368.51
"72","03E8","2021","PS","4","VL1218","SAA",161.851,68552.47
"73","03E8","2021","PS","4","VL1218","SLM",16.647,13364.1
"74","03E8","2021","PS","4","VL1218","YRS",1.519,2998.94
"75","03E8","2021","PS","4","VL1824","SLM",265.391,213054.63
"76","03E9","2021","PS","1","VL1824","SAA",188.928,80023.68
"77","03E9","2021","PS","2","VL1824","PIL",926.208,1604211.84
"78","03E9","2021","PS","2","VL2440","PIL",819.648,1419649.92
"79","03E9","2021","PS","3","VL1824","ANE",243.648,480706.56
"80","03E9","2021","PS","4","VL1824","ANE",499.968,986411.52
"81","04E8","2021","PS","1","VL1824","ANE",24.335,48011.7
"82","04E8","2021","PS","1","VL1824","HOM",270.735,298274
"83","04E8","2021","PS","1","VL1824","MAZ",98.25,50707
"84","04E8","2021","PS","1","VL1824","PIL",0.955,1654.1
"85","04E8","2021","PS","1","VL1824","SAA",309.75,131195.8
"86","04E8","2021","PS","2","VL1824","ANE",29.15,57511.5
"87","04E8","2021","PS","2","VL1824","HOM",43.025,47401.5
"88","04E8","2021","PS","2","VL1824","MAC",16.39,37675.3
"89","04E8","2021","PS","2","VL1824","MAZ",65.75,33933.7
"90","04E8","2021","PS","2","VL1824","PIL",79.075,136959.65
"91","04E8","2021","PS","2","VL1824","SAA",214.08,90674.4
"92","04E8","2021","PS","3","VL1218","ANE",64.69,127630.1
"93","04E8","2021","PS","3","VL1218","HOM",7.75,8538.35
"94","04E8","2021","PS","3","VL1824","ANE",239.185,471899.9
"95","04E8","2021","PS","3","VL1824","FRI",241.61,217915.4
"96","04E8","2021","PS","3","VL1824","HMM",18.725,20172.2
"97","04E8","2021","PS","3","VL1824","HOM",103.11,113598.3
"98","04E8","2021","PS","3","VL1824","LTA",1.405,3024.65
"99","04E8","2021","PS","3","VL1824","MAC",14.59,33537.7
"100","04E8","2021","PS","3","VL1824","MAZ",95.01,49034.8
"101","04E8","2021","PS","3","VL1824","PIL",69.2,119855.95
"102","04E8","2021","PS","3","VL1824","SAA",2151.41,911237.95
"103","04E8","2021","PS","4","VL1824","ANE",9.035,17825.6
"104","04E8","2021","PS","4","VL1824","HOM",24.595,27096.8
"105","04E8","2021","PS","4","VL1824","MAZ",18.385,9488.55
"106","04E8","2021","PS","4","VL1824","PIL",11.075,19182.15
"107","04E8","2021","PS","4","VL1824","SAA",389.49,164970
"108","04E8","2021","PS","4","VL1824","SLM",4.81,3861.45
"109","04E8","2021","PS","4","VL1824","SQC",0.07,797.1
"110","04E9","2021","PS","1","VL0612","BOG",4.692,1652.32
"111","04E9","2021","PS","1","VL0612","BON",344.724,1691765.92
"112","04E9","2021","PS","1","VL0612","HOM",65.412,72066.36
"113","04E9","2021","PS","1","VL0612","LTA",13.432,28915.6
"114","04E9","2021","PS","1","VL0612","MAC",94.116,216342.6
"115","04E9","2021","PS","1","VL0612","SLM",176.18,141436.2
"116","04E9","2021","PS","1","VL0612","SQC",0.092,1047.88
"117","04E9","2021","PS","1","VL1218","ANE",489.44,965640.28
"118","04E9","2021","PS","1","VL1218","HMM",7.636,8225.72
"119","04E9","2021","PS","1","VL1218","HOM",130.824,144130.88
"120","04E9","2021","PS","1","VL1218","MAZ",135.332,69845.48
"121","04E9","2021","PS","1","VL1218","PIL",1440.076,2494243.28
"122","04E9","2021","PS","1","VL1218","SAA",737.104,312202.92
"123","04E9","2021","PS","1","VL1824","ANE",3450.552,6807764.48
"124","04E9","2021","PS","1","VL1824","HMM",18.492,19920.76
"125","04E9","2021","PS","1","VL1824","HMY",70.656,259764.76
"126","04E9","2021","PS","1","VL1824","HOM",1100.504,1212446.84
"127","04E9","2021","PS","1","VL1824","MAC",124.844,286975.6
"128","04E9","2021","PS","1","VL1824","MAZ",194.488,100375.68
"129","04E9","2021","PS","1","VL1824","PIL",1980.484,3430242.08
"130","04E9","2021","PS","1","VL1824","SAA",8582.404,3635110.44
"131","04E9","2021","PS","1","VL2440","ANE",92,181511.4
"132","04E9","2021","PS","1","VL2440","HOM",1.38,1520.76
"133","04E9","2021","PS","1","VL2440","PIL",179.584,311043.72
"134","04E9","2021","PS","2","VL0612","AMB",0.276,3485.88
"135","04E9","2021","PS","2","VL0612","BLU",8.096,35157.8
"136","04E9","2021","PS","2","VL0612","BOG",9.2,3240.24
"137","04E9","2021","PS","2","VL0612","BON",9.568,46955.88
"138","04E9","2021","PS","2","VL0612","HMY",3.496,12853.32
"139","04E9","2021","PS","2","VL0612","HOM",67.804,74701.24
"140","04E9","2021","PS","2","VL0612","LTA",10.028,21587.8
"141","04E9","2021","PS","2","VL0612","MAC",3.68,8459.4
"142","04E9","2021","PS","2","VL0612","MGA",124.66,220550.68
"143","04E9","2021","PS","2","VL0612","OCC",0.184,1398.4
"144","04E9","2021","PS","2","VL0612","SBA",0.644,1073.64
"145","04E9","2021","PS","2","VL0612","SBG",0.46,4823.56
"146","04E9","2021","PS","2","VL0612","SBS",9.292,13790.8
"147","04E9","2021","PS","2","VL0612","SKJ",17.48,30001.2
"148","04E9","2021","PS","2","VL0612","SLM",621.828,499200.28
"149","04E9","2021","PS","2","VL0612","SQC",0.092,1047.88
"150","04E9","2021","PS","2","VL0612","YRS",4.324,8537.6
"151","04E9","2021","PS","2","VL1218","ANE",3010.976,5940502.56
"152","04E9","2021","PS","2","VL1218","HOM",84.732,93350.56
"153","04E9","2021","PS","2","VL1218","JAX",0.736,447.12
"154","04E9","2021","PS","2","VL1218","MAZ",166.888,86131.32
"155","04E9","2021","PS","2","VL1218","PIL",1997.044,3458924.92
"156","04E9","2021","PS","2","VL1218","SAA",939.688,398008.56
"157","04E9","2021","PS","2","VL1218","SWO",1.748,12902.08
"158","04E9","2021","PS","2","VL1824","ANE",14110.316,27838938.72
"159","04E9","2021","PS","2","VL1824","BOG",31.556,11114.52
"160","04E9","2021","PS","2","VL1824","FRI",943.552,851017.48
"161","04E9","2021","PS","2","VL1824","HMM",150.604,162243.84
"162","04E9","2021","PS","2","VL1824","HMY",36.708,134955.72
"163","04E9","2021","PS","2","VL1824","HOM",958.64,1056152.64
"164","04E9","2021","PS","2","VL1824","JAA",136.068,49291.76
"165","04E9","2021","PS","2","VL1824","JAX",0.736,447.12
"166","04E9","2021","PS","2","VL1824","LTA",87.676,188746.28
"167","04E9","2021","PS","2","VL1824","MAC",1962.82,4511887.92
"168","04E9","2021","PS","2","VL1824","MAZ",1433.82,739996.48
"169","04E9","2021","PS","2","VL1824","OTH",1.104,0
"170","04E9","2021","PS","2","VL1824","PIL",10718.552,18564769.24
"171","04E9","2021","PS","2","VL1824","SAA",8414.596,3564034
"172","04E9","2021","PS","2","VL1824","SWO",11.776,86917
"173","04E9","2021","PS","2","VL1824","VAD",8.188,23338.56
"174","04E9","2021","PS","2","VL2440","ANE",1453.876,2868423.84
"175","04E9","2021","PS","2","VL2440","HOM",44.896,49462.88
"176","04E9","2021","PS","2","VL2440","MAC",17.572,40392.6
"177","04E9","2021","PS","2","VL2440","MAZ",43.792,22600.72
"178","04E9","2021","PS","2","VL2440","PIL",912.272,1580075.16
"179","04E9","2021","PS","2","VL2440","SAA",150.144,63594.08
"180","04E9","2021","PS","3","VL0612","AMB",379.5,4793153.08
"181","04E9","2021","PS","3","VL0612","ANE",31.556,62258.24
"182","04E9","2021","PS","3","VL0612","BBS",0.276,1723.16
"183","04E9","2021","PS","3","VL0612","BLU",18.124,78705.08
"184","04E9","2021","PS","3","VL0612","BON",251.252,1233043.8
"185","04E9","2021","PS","3","VL0612","BRB",8.28,37494.6
"186","04E9","2021","PS","3","VL0612","CTB",3.22,7805.28
"187","04E9","2021","PS","3","VL0612","DEC",41.768,894784.64
"188","04E9","2021","PS","3","VL0612","DYL",1.288,1253.04
"189","04E9","2021","PS","3","VL0612","EJE",0.276,5522.76
"190","04E9","2021","PS","3","VL0612","FRI",115.46,104137.56
"191","04E9","2021","PS","3","VL0612","HMY",31.188,114661.44
"192","04E9","2021","PS","3","VL0612","HOM",176.088,193999.48
"193","04E9","2021","PS","3","VL0612","LTA",140.392,302231.96
"194","04E9","2021","PS","3","VL0612","MAC",37.444,86071.52
"195","04E9","2021","PS","3","VL0612","MGA",2.392,4232
"196","04E9","2021","PS","3","VL0612","MUX",0.46,3763.72
"197","04E9","2021","PS","3","VL0612","MYL",3.036,2869.48
"198","04E9","2021","PS","3","VL0612","OTH",1.104,0
"199","04E9","2021","PS","3","VL0612","PIL",2.944,5098.64
"200","04E9","2021","PS","3","VL0612","POP",7.452,19415.68
"201","04E9","2021","PS","3","VL0612","SBG",17.664,185230.96
"202","04E9","2021","PS","3","VL0612","SBS",90.896,134900.52
"203","04E9","2021","PS","3","VL0612","SBZ",0.644,9567.08
"204","04E9","2021","PS","3","VL0612","SHR",1.38,6135.48
"205","04E9","2021","PS","3","VL0612","SLM",42.688,34270
"206","04E9","2021","PS","3","VL0612","SQC",5.336,60763.24
"207","04E9","2021","PS","3","VL0612","SRG",4.876,21857.36
"208","04E9","2021","PS","3","VL0612","SSB",3.312,20599.72
"209","04E9","2021","PS","3","VL0612","TRZ",1.472,8762.08
"210","04E9","2021","PS","3","VL0612","YRS",98.624,194720.76
"211","04E9","2021","PS","3","VL1218","ANE",6635.592,13091687.4
"212","04E9","2021","PS","3","VL1218","FRI",6.072,5476.76
"213","04E9","2021","PS","3","VL1218","MAC",37.076,85226.04
"214","04E9","2021","PS","3","VL1218","PIL",545.928,945558.52
"215","04E9","2021","PS","3","VL1218","SAA",89.792,38031.88
"216","04E9","2021","PS","3","VL1218","SWO",4.048,29877.92
"217","04E9","2021","PS","3","VL1824","AMB",866.824,10948141.68
"218","04E9","2021","PS","3","VL1824","ANE",35319.72,69684020.92
"219","04E9","2021","PS","3","VL1824","BLU",20.148,87494.76
"220","04E9","2021","PS","3","VL1824","BON",117.576,577014.8
"221","04E9","2021","PS","3","VL1824","BRB",42.044,190390.32
"222","04E9","2021","PS","3","VL1824","DEC",0.368,7883.48
"223","04E9","2021","PS","3","VL1824","DEX",1.012,15246.24
"224","04E9","2021","PS","3","VL1824","FRI",1693.076,1527036.24
"225","04E9","2021","PS","3","VL1824","HMM",313.352,337570.08
"226","04E9","2021","PS","3","VL1824","HMY",69.828,256720.48
"227","04E9","2021","PS","3","VL1824","HOM",113.528,125075.84
"228","04E9","2021","PS","3","VL1824","LTA",9.568,20596.96
"229","04E9","2021","PS","3","VL1824","MAC",283.176,650930.36
"230","04E9","2021","PS","3","VL1824","MAZ",3129.932,1615363.6
"231","04E9","2021","PS","3","VL1824","OAL",1.38,19117.6
"232","04E9","2021","PS","3","VL1824","OTH",29.532,0
"233","04E9","2021","PS","3","VL1824","PIL",6089.572,10547272.84
"234","04E9","2021","PS","3","VL1824","POA",142.784,1168207.72
"235","04E9","2021","PS","3","VL1824","SAA",6889.972,2918274.04
"236","04E9","2021","PS","3","VL1824","SBG",18.952,198737.48
"237","04E9","2021","PS","3","VL1824","SHR",3.496,15542.48
"238","04E9","2021","PS","3","VL1824","SKJ",16.836,28896.28
"239","04E9","2021","PS","3","VL1824","SLM",5.152,4136.32
"240","04E9","2021","PS","3","VL1824","SQC",21.896,249337.48
"241","04E9","2021","PS","3","VL1824","SRG",2.116,9485.2
"242","04E9","2021","PS","3","VL1824","SWO",16.652,122906.48
"243","04E9","2021","PS","3","VL1824","YRS",6.256,12351.92
"244","04E9","2021","PS","3","VL2440","ANE",6760.988,13339087.36
"245","04E9","2021","PS","3","VL2440","FRI",19.32,17425.72
"246","04E9","2021","PS","3","VL2440","LTA",17.756,38224.16
"247","04E9","2021","PS","3","VL2440","PIL",1919.672,3324914.04
"248","04E9","2021","PS","3","VL2440","SAA",159.252,67451.64
"249","04E9","2021","PS","4","VL0612","AMB",98.44,1243314.68
"250","04E9","2021","PS","4","VL0612","BLU",2.116,9188.96
"251","04E9","2021","PS","4","VL0612","BON",107.916,529608.12
"252","04E9","2021","PS","4","VL0612","BRB",4.876,22080
"253","04E9","2021","PS","4","VL0612","CTB",0.368,892.4
"254","04E9","2021","PS","4","VL0612","DYL",0.46,447.12
"255","04E9","2021","PS","4","VL0612","FRI",2.944,2655.12
"256","04E9","2021","PS","4","VL0612","HMM",208.656,224782.68
"257","04E9","2021","PS","4","VL0612","HMY",55.936,205646.68
"258","04E9","2021","PS","4","VL0612","HOM",18.768,20677
"259","04E9","2021","PS","4","VL0612","LTA",20.608,44363.32
"260","04E9","2021","PS","4","VL0612","MAC",8.74,20090.04
"261","04E9","2021","PS","4","VL0612","MAZ",279.404,144200.8
"262","04E9","2021","PS","4","VL0612","MYL",1.932,1826.2
"263","04E9","2021","PS","4","VL0612","PAC",0.184,586.04
"264","04E9","2021","PS","4","VL0612","POP",0.644,1678.08
"265","04E9","2021","PS","4","VL0612","SAA",56.58,23965.08
"266","04E9","2021","PS","4","VL0612","SBG",1.748,18330.08
"267","04E9","2021","PS","4","VL0612","SBS",21.344,31676.52
"268","04E9","2021","PS","4","VL0612","SHR",0.368,1635.76
"269","04E9","2021","PS","4","VL0612","SLM",60.904,48893.4
"270","04E9","2021","PS","4","VL0612","SQC",4.14,47143.56
"271","04E9","2021","PS","4","VL0612","YRS",12.052,23794.88
"272","04E9","2021","PS","4","VL1218","ANE",1386.072,2734649.4
"273","04E9","2021","PS","4","VL1218","BLU",0.46,1997.32
"274","04E9","2021","PS","4","VL1218","BON",54.74,268641.84
"275","04E9","2021","PS","4","VL1218","BRB",4.6,20830.64
"276","04E9","2021","PS","4","VL1218","FRI",105.708,95341.44
"277","04E9","2021","PS","4","VL1218","HMM",8.832,9514.64
"278","04E9","2021","PS","4","VL1218","HMY",27.968,102823.8
"279","04E9","2021","PS","4","VL1218","HOM",55.936,61626.2
"280","04E9","2021","PS","4","VL1218","LTA",153.824,331147.56
"281","04E9","2021","PS","4","VL1218","MAC",247.112,568030.08
"282","04E9","2021","PS","4","VL1218","MAZ",1.472,759.92
"283","04E9","2021","PS","4","VL1218","PIL",2829.644,4901005.6
"284","04E9","2021","PS","4","VL1218","SAA",399.28,169116.24
"285","04E9","2021","PS","4","VL1218","SLM",54.096,43427.68
"286","04E9","2021","PS","4","VL1218","SQC",1.564,17809.36
"287","04E9","2021","PS","4","VL1218","SWO",4.232,31235.84
"288","04E9","2021","PS","4","VL1824","ALB",14.076,52791.44
"289","04E9","2021","PS","4","VL1824","AMB",54.924,693700.24
"290","04E9","2021","PS","4","VL1824","ANE",12830.964,25314843.28
"291","04E9","2021","PS","4","VL1824","ANN",0.644,850.08
"292","04E9","2021","PS","4","VL1824","BLU",21.068,91490.32
"293","04E9","2021","PS","4","VL1824","BOG",592.48,208675.32
"294","04E9","2021","PS","4","VL1824","BON",5662.508,27789301.96
"295","04E9","2021","PS","4","VL1824","BPI",0.46,369.84
"296","04E9","2021","PS","4","VL1824","BRB",59.248,268296.84
"297","04E9","2021","PS","4","VL1824","CTC",0.184,1741.56
"298","04E9","2021","PS","4","VL1824","DEC",0.46,9855.04
"299","04E9","2021","PS","4","VL1824","DEX",0.644,9702.32
"300","04E9","2021","PS","4","VL1824","FRI",1085.784,979301.36
"301","04E9","2021","PS","4","VL1824","HMM",1681.76,1811739.44
"302","04E9","2021","PS","4","VL1824","HMY",861.58,3167569.2
"303","04E9","2021","PS","4","VL1824","HOM",1749.932,1927934.52
"304","04E9","2021","PS","4","VL1824","LTA",37.26,80212.04
"305","04E9","2021","PS","4","VL1824","MAC",4882.624,11223572.2
"306","04E9","2021","PS","4","VL1824","MAZ",8380.556,4325219.92
"307","04E9","2021","PS","4","VL1824","MGA",2.944,5208.12
"308","04E9","2021","PS","4","VL1824","MUL",0.644,970.6
"309","04E9","2021","PS","4","VL1824","MUX",0.092,752.56
"310","04E9","2021","PS","4","VL1824","OTH",808.404,0
"311","04E9","2021","PS","4","VL1824","PAC",2.668,8501.72
"312","04E9","2021","PS","4","VL1824","PIL",18089.776,31331891.68
"313","04E9","2021","PS","4","VL1824","SAA",12506.388,5297129.08
"314","04E9","2021","PS","4","VL1824","SBG",1.196,12542.36
"315","04E9","2021","PS","4","VL1824","SBR",0.736,14417.32
"316","04E9","2021","PS","4","VL1824","SLM",36.984,29690.24
"317","04E9","2021","PS","4","VL1824","SQC",42.044,478769.84
"318","04E9","2021","PS","4","VL1824","SRG",2.208,9897.36
"319","04E9","2021","PS","4","VL1824","SWA",0.184,1238.32
"320","04E9","2021","PS","4","VL1824","SWO",26.128,192847.64
"321","04E9","2021","PS","4","VL1824","YRS",12.696,25066.32
"322","04E9","2021","PS","4","VL2440","ANE",1527.108,3012907.08
"323","04E9","2021","PS","4","VL2440","BON",204.056,1001424.6
"324","04E9","2021","PS","4","VL2440","HMM",69.46,74828.2
"325","04E9","2021","PS","4","VL2440","HOM",46.736,51489.64
"326","04E9","2021","PS","4","VL2440","MAC",144.992,333289.32
"327","04E9","2021","PS","4","VL2440","MAZ",89.24,46057.04
"328","04E9","2021","PS","4","VL2440","PAC",3.036,9674.72
"329","04E9","2021","PS","4","VL2440","PIL",3538.964,6129564.4
"330","04E9","2021","PS","4","VL2440","SQC",3.864,44000.84
"331","04E9","2021","PS","4","VL2440","SWA",3.036,20435.04
"332","04E9","2021","PS","4","VL2440","SWO",2.944,21729.48
"333","04F0","2021","PS","3","VL2440","ANE",248.17,489624.46
"334","05E9","2021","PS","1","VL1218","ANE",48.69,96062.91
"335","05E9","2021","PS","1","VL1218","HMM",0.087,93.72
"336","05E9","2021","PS","1","VL1218","HOM",0.61,672.05
"337","05E9","2021","PS","1","VL1218","LEE",0.014,81.25
"338","05E9","2021","PS","1","VL1218","OTH",0.081,0
"339","05E9","2021","PS","1","VL1218","PAC",0.013,41.43
"340","05E9","2021","PS","1","VL1218","PIL",36.307,62884.53
"341","05E9","2021","PS","1","VL1218","SAA",13.637,5776
"342","05E9","2021","PS","1","VL1218","SBR",0.004,78.35
"343","05E9","2021","PS","1","VL1824","ANE",232.528,458765.98
"344","05E9","2021","PS","1","VL1824","HMM",0.016,17.24
"345","05E9","2021","PS","1","VL1824","HOM",0.275,302.97
"346","05E9","2021","PS","1","VL1824","MAZ",0.638,329.27
"347","05E9","2021","PS","1","VL1824","OTH",0.096,0
"348","05E9","2021","PS","1","VL1824","PAC",0.024,76.48
"349","05E9","2021","PS","1","VL1824","PIL",78.593,136124.81
"350","05E9","2021","PS","1","VL1824","SAA",109.673,46452.42
"351","05E9","2021","PS","1","VL2440","ANE",58.121,114669.79
"352","05E9","2021","PS","1","VL2440","HOM",0.017,18.73
"353","05E9","2021","PS","1","VL2440","OTH",0.384,0
"354","05E9","2021","PS","1","VL2440","PIL",10.719,18565.54
"355","05E9","2021","PS","1","VL2440","SAA",1.675,709.45
"356","05E9","2021","PS","2","VL1218","ANE",9.301,18350.4
"357","05E9","2021","PS","2","VL1218","PIL",1.306,2262.02
"358","05E9","2021","PS","2","VL1218","SAA",0.202,85.56
"359","05E9","2021","PS","2","VL1824","ALB",0.276,1035.12
"360","05E9","2021","PS","2","VL1824","ANE",28.077,55394.5
"361","05E9","2021","PS","2","VL1824","LTA",1.426,3069.84
"362","05E9","2021","PS","2","VL1824","MAZ",0.12,61.93
"363","05E9","2021","PS","2","VL1824","PIL",2.945,5100.81
"364","05E9","2021","PS","2","VL1824","SAA",0.928,393.06
"365","05E9","2021","PS","2","VL1824","SWO",0.013,95.95
"366","05E9","2021","PS","2","VL2440","ANE",5.138,10137.01
"367","05E9","2021","PS","2","VL2440","PIL",0.889,1539.77
"368","05E9","2021","PS","3","VL1218","ANE",19.065,37614.28
"369","05E9","2021","PS","3","VL1218","FRI",3.079,2777.04
"370","05E9","2021","PS","3","VL1218","HOM",0.002,2.2
"371","05E9","2021","PS","3","VL1218","MAC",0.056,128.73
"372","05E9","2021","PS","3","VL1218","MAZ",0.606,312.76
"373","05E9","2021","PS","3","VL1218","PIL",1.072,1856.73
"374","05E9","2021","PS","3","VL1218","SAA",2.881,1220.26
"375","05E9","2021","PS","3","VL1218","SWO",0.016,118.09
"376","05E9","2021","PS","3","VL1824","AMB",2.638,33318.41
"377","05E9","2021","PS","3","VL1824","ANE",128.876,254265.83
"378","05E9","2021","PS","3","VL1824","BLU",0.002,8.69
"379","05E9","2021","PS","3","VL1824","BON",0.133,652.71
"380","05E9","2021","PS","3","VL1824","DEC",0.002,42.85
"381","05E9","2021","PS","3","VL1824","FRI",68.925,62165.55
"382","05E9","2021","PS","3","VL1824","HMM",0.631,679.77
"383","05E9","2021","PS","3","VL1824","HMY",0.344,1264.7
"384","05E9","2021","PS","3","VL1824","LTA",5.765,12410.7
"385","05E9","2021","PS","3","VL1824","MAC",2.53,5815.65
"386","05E9","2021","PS","3","VL1824","MAZ",3.648,1882.74
"387","05E9","2021","PS","3","VL1824","MLR",1.147,1975.15
"388","05E9","2021","PS","3","VL1824","OTH",3.66,0
"389","05E9","2021","PS","3","VL1824","PIL",7.796,13502.85
"390","05E9","2021","PS","3","VL1824","SAA",3.089,1308.36
"391","05E9","2021","PS","3","VL1824","SBG",0.065,681.61
"392","05E9","2021","PS","3","VL1824","SLM",1.811,1453.86
"393","05E9","2021","PS","3","VL1824","SWA",0.007,47.12
"394","05E9","2021","PS","3","VL1824","YRS",0.009,17.77
"395","05E9","2021","PS","3","VL2440","ANE",28.892,57002.45
"396","05E9","2021","PS","3","VL2440","FRI",14.311,12907.53
"397","05E9","2021","PS","3","VL2440","MAC",0.553,1271.17
"398","05E9","2021","PS","3","VL2440","MAZ",0.711,366.95
"399","05E9","2021","PS","3","VL2440","OTH",1.281,0
"400","05E9","2021","PS","3","VL2440","PIL",1.366,2365.94
"401","05E9","2021","PS","4","VL1218","ANE",10.511,20737.67
"402","05E9","2021","PS","4","VL1218","HOM",0.048,52.88
"403","05E9","2021","PS","4","VL1218","MAC",1.205,2769.9
"404","05E9","2021","PS","4","VL1218","MAZ",0.176,90.83
"405","05E9","2021","PS","4","VL1218","PIL",4.165,7213.87
"406","05E9","2021","PS","4","VL1218","SWO",0.024,177.14
"407","05E9","2021","PS","4","VL1824","AMB",1.397,17644.36
"408","05E9","2021","PS","4","VL1824","ANE",202.163,398857.37
"409","05E9","2021","PS","4","VL1824","BLU",0.076,330.04
"410","05E9","2021","PS","4","VL1824","BON",0.309,1516.45
"411","05E9","2021","PS","4","VL1824","FRI",1.689,1523.36
"412","05E9","2021","PS","4","VL1824","HMY",0.214,786.76
"413","05E9","2021","PS","4","VL1824","HOM",0.823,906.71
"414","05E9","2021","PS","4","VL1824","LTA",15.642,33673.57
"415","05E9","2021","PS","4","VL1824","MAC",14.888,34222.69
"416","05E9","2021","PS","4","VL1824","MAZ",17.14,8845.98
"417","05E9","2021","PS","4","VL1824","MLR",0.003,5.17
"418","05E9","2021","PS","4","VL1824","OTH",10.617,0
"419","05E9","2021","PS","4","VL1824","PAC",0.005,15.93
"420","05E9","2021","PS","4","VL1824","PIL",89.498,155012.51
"421","05E9","2021","PS","4","VL1824","SAA",7.869,3332.94
"422","05E9","2021","PS","4","VL1824","SBG",0.001,10.49
"423","05E9","2021","PS","4","VL1824","SQC",0.018,204.97
"424","05E9","2021","PS","4","VL1824","SWA",0.006,40.39
"425","05E9","2021","PS","4","VL1824","SWO",0.264,1948.55
"426","05E9","2021","PS","4","VL1824","YRS",0.037,73.05
"427","05E9","2021","PS","4","VL2440","ANE",14.965,29525.19
"428","05E9","2021","PS","4","VL2440","BON",0.018,88.34
"429","05E9","2021","PS","4","VL2440","FRI",0.016,14.43
"430","05E9","2021","PS","4","VL2440","MAZ",0.928,478.94
"431","05E9","2021","PS","4","VL2440","PIL",18.926,32780.25
"432","05E9","2021","PS","4","VL2440","SAA",2.728,1155.45
"433","05F0","2021","PS","1","VL1218","ANE",1343.9,2651445.28
"434","05F0","2021","PS","1","VL1218","PIL",301.888,522875
"435","05F0","2021","PS","1","VL1218","SAA",991.816,420087.12
"436","05F0","2021","PS","1","VL1824","ANE",6297.64,12424923.32
"437","05F0","2021","PS","1","VL1824","BLU",5.34,23189.84
"438","05F0","2021","PS","1","VL1824","PIL",787.828,1364533.76
"439","05F0","2021","PS","1","VL1824","SAA",432.896,183354.24
"440","05F0","2021","PS","1","VL2440","ANE",913.496,1802282.04
"441","05F0","2021","PS","1","VL2440","PIL",54.824,94955.88
"442","05F0","2021","PS","2","VL1824","ANE",1331.796,2627564.8
"443","05F0","2021","PS","2","VL2440","BFT",50864.034,504966391.52
"444","05F0","2021","PS","2","VL40XX","BFT",21952.028,207934420.2
"445","05F0","2021","PS","3","VL1218","ANE",72.268,142581.56
"446","05F0","2021","PS","3","VL1824","AMB",652.548,8241798.72
"447","05F0","2021","PS","3","VL1824","ANE",873.98,1724318.04
"448","05F0","2021","PS","3","VL1824","FRI",1617.308,1458699.32
"449","05F0","2021","PS","3","VL1824","LTA",200.784,432240.96
"450","05F0","2021","PS","3","VL1824","PIL",1191.888,2064376.36
"451","05F0","2021","PS","3","VL2440","ANE",278.392,549254.6
"452","05F0","2021","PS","3","VL2440","PIL",398.364,689974.28
"453","05F0","2021","PS","4","VL1218","ANE",2265.94,4470583.92
"454","05F0","2021","PS","4","VL1218","FRI",5.696,5137.08
"455","05F0","2021","PS","4","VL1824","AMB",216.092,2729281.12
"456","05F0","2021","PS","4","VL1824","ANE",27186.652,53637889.88
"457","05F0","2021","PS","4","VL1824","BLU",13.528,58747.12
"458","05F0","2021","PS","4","VL1824","FRI",228.196,205817.84
"459","05F0","2021","PS","4","VL1824","HMY",48.06,176689.92
"460","05F0","2021","PS","4","VL1824","LTA",692.776,1491383.68
"461","05F0","2021","PS","4","VL1824","PAC",0.712,2267.72
"462","05F0","2021","PS","4","VL1824","PIL",72.268,125169.6
"463","05F0","2021","PS","4","VL1824","SAA",1190.464,504224.16
"464","05F0","2021","PS","4","VL1824","SBG",3.204,33599.28
"465","05F0","2021","PS","4","VL1824","SWA",1.78,11982.96
"466","05F0","2021","PS","4","VL1824","SWO",18.868,139263.64
"467","05F0","2021","PS","4","VL2440","ANE",18531.58,36561869.28
"468","05F0","2021","PS","4","VL2440","FRI",104.308,94080.12
"469","05F0","2021","PS","4","VL2440","PIL",53.044,91872.92
"470","05F0","2021","PS","4","VL2440","SWO",6.764,49925.44
"471","05F1","2021","PS","2","VL2440","BFT",174599.656,1730247762.32
"472","06F0","2021","PS","1","VL0612","ANE",789.705,1558046.7
"473","06F0","2021","PS","1","VL0612","HOM",1.89,2082.15
"474","06F0","2021","PS","1","VL0612","JAA",189.63,68695.2
"475","06F0","2021","PS","1","VL0612","PIL",11.655,20185.2
"476","06F0","2021","PS","1","VL1218","ANE",15507.45,30595414.5
"477","06F0","2021","PS","1","VL1218","PIL",721.35,1249393.95
"478","06F0","2021","PS","1","VL1218","SAA",1329.93,563295.6
"479","06F0","2021","PS","1","VL1824","ANE",62792.1,123885634.95
"480","06F0","2021","PS","1","VL1824","HMM",55.44,59724
"481","06F0","2021","PS","1","VL1824","PIL",6539.715,11326930.65
"482","06F0","2021","PS","1","VL1824","SAA",4708.935,1994488.65
"483","06F0","2021","PS","1","VL1824","SLM",1696.275,1361760.75
"484","06F0","2021","PS","1","VL2440","ANE",31288.32,61730272.8
"485","06F0","2021","PS","1","VL2440","HMM",37.8,40720.05
"486","06F0","2021","PS","1","VL2440","PIL",2923.515,5063590.35
"487","06F0","2021","PS","1","VL2440","SAA",2497.95,1058015.7
"488","06F0","2021","PS","2","VL1218","ANE",342.09,674925.3
"489","06F0","2021","PS","2","VL1218","MNZ",1354.5,12539608.2
"490","06F0","2021","PS","2","VL1218","OTH",159.705,0
"491","06F0","2021","PS","2","VL1218","PIL",1232.595,2134881
"492","06F0","2021","PS","2","VL1824","ANE",2546.46,5024035.8
"493","06F0","2021","PS","2","VL1824","OTH",4.095,0
"494","06F0","2021","PS","2","VL1824","PIL",3616.2,6263337.15
"495","06F0","2021","PS","2","VL2440","ANE",2011.275,3968143.2
"496","06F0","2021","PS","2","VL2440","BFT",98189.7525,950577383.7
"497","06F0","2021","PS","2","VL2440","PIL",2171.295,3760731.45
"498","06F0","2021","PS","3","VL1218","ANE",1647.45,3250336.95
"499","06F0","2021","PS","3","VL1218","PIL",3728.655,6458114.25
"500","06F0","2021","PS","3","VL1824","AMB",998.55,12611866.05
"501","06F0","2021","PS","3","VL1824","ANE",6233.22,12297826.8
"502","06F0","2021","PS","3","VL1824","BLU",1.26,5471.55
"503","06F0","2021","PS","3","VL1824","HOM",10.08,11106.9
"504","06F0","2021","PS","3","VL1824","MAC",110.565,254154.6
"505","06F0","2021","PS","3","VL1824","MLR",55.755,96012
"506","06F0","2021","PS","3","VL1824","PIL",9399.915,16280860.05
"507","06F0","2021","PS","3","VL1824","SAA",131.04,55503
"508","06F0","2021","PS","3","VL1824","SBG",33.39,350138.25
"509","06F0","2021","PS","3","VL1824","SBZ",1.575,23398.2
"510","06F0","2021","PS","3","VL1824","SLM",483.84,388423.35
"511","06F0","2021","PS","3","VL1824","SWA",4.41,29682.45
"512","06F0","2021","PS","3","VL2440","ANE",5215.455,10289827.8
"513","06F0","2021","PS","3","VL2440","BLU",11.025,47876.85
"514","06F0","2021","PS","3","VL2440","HOM",40.32,44421.3
"515","06F0","2021","PS","3","VL2440","MAZ",72.765,37554.3
"516","06F0","2021","PS","3","VL2440","PIL",2384.865,4130639.1
"517","06F0","2021","PS","3","VL2440","SQM",3.78,11119.5
"518","06F0","2021","PS","4","VL1218","ANE",255.78,504639.45
"519","06F0","2021","PS","4","VL1824","AMB",222.39,2808826.65
"520","06F0","2021","PS","4","VL1824","ANE",34317.36,67706415
"521","06F0","2021","PS","4","VL1824","BLU",6.93,30095.1
"522","06F0","2021","PS","4","VL1824","BON",656.775,3223187.1
"523","06F0","2021","PS","4","VL1824","FRI",525.105,473608.8
"524","06F0","2021","PS","4","VL1824","HMY",152.46,560514.15
"525","06F0","2021","PS","4","VL1824","HOM",3.465,3817.8
"526","06F0","2021","PS","4","VL1824","LTA",44.415,95615.1
"527","06F0","2021","PS","4","VL1824","MAC",26.775,61547.85
"528","06F0","2021","PS","4","VL1824","MLR",499.59,860299.65
"529","06F0","2021","PS","4","VL1824","OTH",669.69,0
"530","06F0","2021","PS","4","VL1824","PIL",2372.265,4108815.9
"531","06F0","2021","PS","4","VL1824","SAA",1176.21,498188.25
"532","06F0","2021","PS","4","VL1824","SBG",0.945,9909.9
"533","06F0","2021","PS","4","VL1824","SLM",257.985,207109.35
"534","06F0","2021","PS","4","VL1824","SWA",0.63,4239.9
"535","06F0","2021","PS","4","VL1824","SWO",8.82,65097.9
"536","06F0","2021","PS","4","VL2440","ANE",13587.84,26808122.25
"537","06F0","2021","PS","4","VL2440","FRI",674.73,608557.95
"538","06F0","2021","PS","4","VL2440","PIL",75.285,130394.25
"539","06F0","2021","PS","4","VL2440","SAA",1449.63,613994.85
"540","06F1","2021","PS","1","VL0612","BOG",4.664,1644.06
"541","06F1","2021","PS","1","VL0612","HMM",12.243,13187.46
"542","06F1","2021","PS","1","VL0612","SPC",214.544,677475.15
"543","06F1","2021","PS","2","VL2440","BFT",137005,1370050000
"544","06F1","2021","PS","3","VL1824","AMB",7409.93,93588739.31
"545","06F1","2021","PS","3","VL1824","LTA",322.982,695303.29
"546","06F1","2021","PS","3","VL2440","AMB",973.027,12289505.91
"547","06F1","2021","PS","3","VL2440","LTA",16321.085,35135480.27
"548","06F1","2021","PS","3","VL2440","SLM",249.524,200318.8
"549","06F1","2021","PS","4","VL1824","AMB",349.8,4418038.13
"550","06F1","2021","PS","4","VL1824","LTA",738.078,1588908.2
"551","07F0","2021","PS","1","VL1218","ANE",1403.395,2768828.86
"552","07F0","2021","PS","1","VL1218","PIL",662.99,1148314.56
"553","07F0","2021","PS","1","VL1824","ANE",6598.537,13018578.83
"554","07F0","2021","PS","1","VL1824","PIL",1131.45,1959695.22
"555","07F0","2021","PS","1","VL1824","SAA",47.64,20179.51
"556","07F0","2021","PS","1","VL2440","ANE",1196.161,2359966.5
"557","07F0","2021","PS","1","VL2440","PIL",994.485,1722471.84
"558","07F0","2021","PS","2","VL1218","ANE",143.714,283541.37
"559","07F0","2021","PS","2","VL1824","ANE",12218.072,24105637.53
"560","07F0","2021","PS","2","VL1824","MAZ",236.612,122117.2
"561","07F0","2021","PS","2","VL1824","OTH",3.176,0
"562","07F0","2021","PS","2","VL1824","PIL",298.544,517088.53
"563","07F0","2021","PS","2","VL1824","SQC",5.161,58771.88
"564","07F0","2021","PS","2","VL1824","SQE",12.307,51780.71
"565","07F0","2021","PS","2","VL1824","SQM",4.764,14014.1
"566","07F0","2021","PS","2","VL2440","ANE",5495.274,10841899.29
"567","07F0","2021","PS","2","VL2440","BFT",83389.2545,823102067.135
"568","07F0","2021","PS","2","VL2440","OTH",3.97,0
"569","07F0","2021","PS","2","VL2440","PIL",34.936,60510.74
"570","07F0","2021","PS","2","VL2440","SQM",3.176,9345.38
"571","07F0","2021","PS","3","VL1824","AMB",534.362,6749087.34
"572","07F0","2021","PS","3","VL1824","ANE",19980.613,39420738.29
"573","07F0","2021","PS","3","VL1824","HMM",6.352,6844.28
"574","07F0","2021","PS","3","VL1824","JAX",2.779,1691.22
"575","07F0","2021","PS","3","VL1824","MAC",28.584,65703.5
"576","07F0","2021","PS","3","VL1824","OTH",12.704,0
"577","07F0","2021","PS","3","VL1824","PAX",201.279,703007.6
"578","07F0","2021","PS","3","VL1824","PIL",1511.379,2617742.57
"579","07F0","2021","PS","3","VL1824","SBG",19.453,203990.51
"580","07F0","2021","PS","3","VL1824","SLM",755.888,606822.44
"581","07F0","2021","PS","3","VL1824","SQM",15.483,45547.81
"582","07F0","2021","PS","3","VL2440","ANE",20145.368,39745789.98
"583","07F0","2021","PS","3","VL2440","FRI",16.277,14681.06
"584","07F0","2021","PS","3","VL2440","HMY",67.49,248125
"585","07F0","2021","PS","3","VL2440","HOM",61.138,67355.02
"586","07F0","2021","PS","3","VL2440","MAZ",235.421,121501.85
"587","07F0","2021","PS","3","VL2440","OTH",85.355,0
"588","07F0","2021","PS","3","VL2440","PIL",2497.924,4326458.36
"589","07F0","2021","PS","3","VL2440","SQE",6.352,26726.04
"590","07F0","2021","PS","3","VL2440","SQM",5.558,16352.43
"591","07F0","2021","PS","4","VL1824","AMB",540.714,6829313.1
"592","07F0","2021","PS","4","VL1824","ANE",50046.217,98738652.09
"593","07F0","2021","PS","4","VL1824","FRI",876.179,790252.32
"594","07F0","2021","PS","4","VL1824","LTA",736.435,1585371.86
"595","07F0","2021","PS","4","VL1824","PIL",868.636,1504495.02
"596","07F0","2021","PS","4","VL1824","SWO",13.498,99627.15
"597","07F0","2021","PS","4","VL2440","ANE",57611.846,113665256.59
"598","07F0","2021","PS","4","VL2440","DOL",5.955,48120.37
"599","07F0","2021","PS","4","VL2440","FRI",264.799,238831.23
"600","07F0","2021","PS","4","VL2440","LTA",4.367,9400.96
"601","07F0","2021","PS","4","VL2440","PIL",316.012,547339.93
"602","07F0","2021","PS","4","VL2440","SWO",32.157,237346.45
"603","07F1","2021","PS","2","VL2440","BFT",1749527.37,16997869586
"604","07F1","2021","PS","2","VL40XX","BFT",567488.24,5375372952
"605","07F1","2021","PS","3","VL1824","AMB",705.86,8915139.4
"606","07F1","2021","PS","3","VL1824","LTA",31.9,68672
"607","07F1","2021","PS","3","VL2440","AMB",583.48,7369456.8
"608","07F1","2021","PS","4","VL2440","ANE",2262,4462810
"609","07F2","2021","PS","1","VL0612","ANE",23.822,47001.36
"610","07F2","2021","PS","1","VL0612","PIL",1871.412,3241326.58
"611","07F2","2021","PS","1","VL0612","SAA",570.066,241449.82
"612","07F2","2021","PS","1","VL0612","SPC",115.786,365623.38
"613","07F2","2021","PS","1","VL0612","SWA",64.264,432563.2
"614","07F2","2021","PS","1","VL1218","ANE",2090.796,4125034.14
"615","07F2","2021","PS","1","VL1218","MAC",586.686,1348602.2
"616","07F2","2021","PS","1","VL1218","PIL",12481.62,21618442.84
"617","07F2","2021","PS","1","VL1218","SAA",915.762,387872.02
"618","07F2","2021","PS","2","VL0612","ANE",2762.798,5450861.4
"619","07F2","2021","PS","2","VL0612","SAA",72.02,30503.24
"620","07F2","2021","PS","2","VL1218","ANE",27774.236,54797159.36
"621","07F2","2021","PS","2","VL1218","MAC",781.14,1795586.02
"622","07F2","2021","PS","2","VL1218","PIL",9447.362,16363043.72
"623","07F2","2021","PS","2","VL1218","SAA",2403.806,1018141.2
"624","07F2","2021","PS","2","VL2440","BFT",54569,545690000
"625","07F2","2021","PS","3","VL1218","AMB",502.478,6346385.78
"626","07F2","2021","PS","3","VL1218","ANE",10901.058,21507232.88
"627","07F2","2021","PS","3","VL1218","HMM",1093.042,1177521.46
"628","07F2","2021","PS","3","VL1218","HOM",11.08,12204.62
"629","07F2","2021","PS","3","VL1218","MAC",692.5,1591835.9
"630","07F2","2021","PS","3","VL1218","OTH",234.896,0
"631","07F2","2021","PS","3","VL1218","PIL",514.666,891413.7
"632","07F2","2021","PS","3","VL1218","SAA",848.728,359485.06
"633","07F2","2021","PS","3","VL1218","SQC",28.254,321735.5
"634","07F2","2021","PS","4","VL1218","AMB",186.698,2358028.98
"635","07F2","2021","PS","4","VL1218","HOM",121.88,134278.52
"636","07F2","2021","PS","4","VL1218","MAC",55.4,127347.98
"637","07F2","2021","PS","4","VL1218","PIL",3008.22,5210303.52
"638","07F2","2021","PS","4","VL1218","SAA",83.1,35195.62
"639","07F2","2021","PS","4","VL1218","SQE",34.348,144516.44
"640","07F2","2021","PS","4","VL1218","YRS",11.08,21877.46
"641","08F0","2021","PS","1","VL1824","ANE",8282.196,16340353.38
"642","08F0","2021","PS","1","VL1824","HOM",1.872,2062.71
"643","08F0","2021","PS","1","VL1824","PIL",7677.891,13298277.33
"644","08F0","2021","PS","1","VL2440","ANE",12022.92,23720612.76
"645","08F0","2021","PS","1","VL2440","PIL",8422.596,14588122.77
"646","08F0","2021","PS","2","VL1824","ANE",11248.263,22192254.63
"647","08F0","2021","PS","2","VL1824","LEE",1.287,7469.28
"648","08F0","2021","PS","2","VL1824","MAZ",66.105,34117.2
"649","08F0","2021","PS","2","VL1824","PIL",2595.177,4494904.83
"650","08F0","2021","PS","2","VL1824","PSA",74.763,0
"651","08F0","2021","PS","2","VL1824","SKJ",1.638,2811.51
"652","08F0","2021","PS","2","VL2440","ANE",12294.126,24255687.69
"653","08F0","2021","PS","2","VL2440","BFT",18550.5255,185505147.945
"654","08F0","2021","PS","2","VL2440","HOM",1.404,1546.74
"655","08F0","2021","PS","2","VL2440","MAC",12.87,29583.45
"656","08F0","2021","PS","2","VL2440","MAZ",36.855,19020.69
"657","08F0","2021","PS","2","VL2440","PIL",4241.133,7345736.19
"658","08F0","2021","PS","2","VL2440","SQM",6.201,18242.64
"659","08F0","2021","PS","3","VL1824","AMB",365.508,4616431.56
"660","08F0","2021","PS","3","VL1824","ANE",30754.152,60676386.03
"661","08F0","2021","PS","3","VL1824","BLU",9.477,41154.75
"662","08F0","2021","PS","3","VL1824","HMY",37.791,138937.5
"663","08F0","2021","PS","3","VL1824","HOM",3.042,3350.88
"664","08F0","2021","PS","3","VL1824","LEE",7.137,41419.17
"665","08F0","2021","PS","3","VL1824","LTA",98.514,212077.71
"666","08F0","2021","PS","3","VL1824","MAZ",28.314,14613.3
"667","08F0","2021","PS","3","VL1824","PAC",163.332,520488.54
"668","08F0","2021","PS","3","VL1824","PAX",232.362,811572.84
"669","08F0","2021","PS","3","VL1824","PIL",5873.4,10172858.67
"670","08F0","2021","PS","3","VL1824","SBG",13.338,139866.48
"671","08F0","2021","PS","3","VL1824","SQM",48.204,141811.02
"672","08F0","2021","PS","3","VL1824","SWO",25.389,187393.05
"673","08F0","2021","PS","3","VL1824","YRS",0.702,1386.45
"674","08F0","2021","PS","3","VL2440","AMB",334.503,4224832.56
"675","08F0","2021","PS","3","VL2440","ANE",45938.061,90633470.85
"676","08F0","2021","PS","3","VL2440","BLU",4.212,18290.61
"677","08F0","2021","PS","3","VL2440","HOM",37.791,41635.62
"678","08F0","2021","PS","3","VL2440","LTA",219.024,471507.66
"679","08F0","2021","PS","3","VL2440","MAC",53.352,122639.4
"680","08F0","2021","PS","3","VL2440","MAZ",96.759,49937.94
"681","08F0","2021","PS","3","VL2440","PAC",23.283,74195.55
"682","08F0","2021","PS","3","VL2440","PIL",9497.709,16450242.12
"683","08F0","2021","PS","3","VL2440","SAA",187.668,79487.46
"684","08F0","2021","PS","3","VL2440","SLM",98.28,78898.95
"685","08F0","2021","PS","3","VL2440","SQC",3.744,42634.8
"686","08F0","2021","PS","3","VL2440","SQM",58.851,173133.09
"687","08F0","2021","PS","3","VL2440","SWO",9.945,73403.46
"688","08F0","2021","PS","4","VL1824","AMB",20.826,263035.89
"689","08F0","2021","PS","4","VL1824","ANE",7500.285,14797682.64
"690","08F0","2021","PS","4","VL1824","BGR",2.808,3087.63
"691","08F0","2021","PS","4","VL1824","BLU",8.775,38105.73
"692","08F0","2021","PS","4","VL1824","BON",0.819,4018.95
"693","08F0","2021","PS","4","VL1824","DOL",7.722,62397.27
"694","08F0","2021","PS","4","VL1824","HMY",19.89,73125
"695","08F0","2021","PS","4","VL1824","HOM",11.817,13018.59
"696","08F0","2021","PS","4","VL1824","LTA",30.069,64731.42
"697","08F0","2021","PS","4","VL1824","MAC",29.952,68849.82
"698","08F0","2021","PS","4","VL1824","MAZ",1.404,724.23
"699","08F0","2021","PS","4","VL1824","MUF",1.989,3232.71
"700","08F0","2021","PS","4","VL1824","PAC",1.755,5592.6
"701","08F0","2021","PS","4","VL1824","PIL",868.257,1503840.78
"702","08F0","2021","PS","4","VL1824","SAA",0.117,49.14
"703","08F0","2021","PS","4","VL1824","SLM",6.903,5541.12
"704","08F0","2021","PS","4","VL1824","SQM",0.936,2754.18
"705","08F0","2021","PS","4","VL1824","SWO",3.627,26770.77
"706","08F0","2021","PS","4","VL2440","AMB",282.087,3562809.12
"707","08F0","2021","PS","4","VL2440","ANE",12203.568,24077022.84
"708","08F0","2021","PS","4","VL2440","FRI",4.095,3693.69
"709","08F0","2021","PS","4","VL2440","LTA",140.868,303255.81
"710","08F0","2021","PS","4","VL2440","MAZ",129.168,66664.26
"711","08F0","2021","PS","4","VL2440","PIL",1056.159,1829290.32
"712","08F0","2021","PS","4","VL2440","SQM",0.936,2754.18
"713","08F0","2021","PS","4","VL2440","SWO",4.68,34543.08
"714","08F1","2021","PS","2","VL2440","BFT",819606.7525,8196067513.22
"715","08F1","2021","PS","3","VL2440","AMB",1367.069,17266322.96
"716","08F1","2021","PS","4","VL2440","ANE",214.396,422990.35
"717","08F1","2021","PS","4","VL2440","PIL",223.231,386643.16
"718","08F2","2021","PS","1","VL0612","ANE",2128.14,4198710.6
"719","08F2","2021","PS","1","VL0612","HMM",28.56,30769.2
"720","08F2","2021","PS","1","VL0612","PIL",840,1454896.8
"721","08F2","2021","PS","1","VL0612","SAA",4791.36,2029398
"722","08F2","2021","PS","1","VL0612","SPC",182.7,576920.4
"723","08F2","2021","PS","1","VL1218","ANE",5151.72,10164079.8
"724","08F2","2021","PS","1","VL1218","PIL",1694.28,2934531.6
"725","08F2","2021","PS","1","VL1218","SAA",427.56,181095.6
"726","08F2","2021","PS","2","VL0612","HMM",41.58,44793
"727","08F2","2021","PS","2","VL0612","JAX",73.92,44948.4
"728","08F2","2021","PS","2","VL0612","PIL",95.76,165858
"729","08F2","2021","PS","2","VL0612","SAA",1460.76,618710.4
"730","08F2","2021","PS","2","VL0612","YRS",0.84,1659
"731","08F2","2021","PS","2","VL1218","ANE",4607.4,9090165
"732","08F2","2021","PS","2","VL1218","HMM",29.4,31672.2
"733","08F2","2021","PS","2","VL1218","OTH",1138.2,0
"734","08F2","2021","PS","2","VL1218","PIL",235.2,407370.6
"735","08F2","2021","PS","2","VL1218","SAA",138.6,58703.4
"736","08F2","2021","PS","2","VL2440","BFT",41370,413700000
"737","08F2","2021","PS","3","VL0612","AMB",105,1326166.8
"738","08F2","2021","PS","3","VL0612","ANE",9.24,18228
"739","08F2","2021","PS","3","VL0612","BLU",0.42,1822.8
"740","08F2","2021","PS","3","VL0612","BOG",29.4,10353
"741","08F2","2021","PS","3","VL0612","HMM",582.54,627564
"742","08F2","2021","PS","3","VL0612","HOM",1.26,1390.2
"743","08F2","2021","PS","3","VL0612","JAX",375.48,228316.2
"744","08F2","2021","PS","3","VL0612","MAC",89.46,205640.4
"745","08F2","2021","PS","3","VL0612","PIL",488.88,846749.4
"746","08F2","2021","PS","3","VL0612","SAA",2141.58,907074
"747","08F2","2021","PS","3","VL0612","SBS",154.56,229387.2
"748","08F2","2021","PS","3","VL0612","SQC",130.2,1482633.6
"749","08F2","2021","PS","3","VL0612","YRS",65.1,128532.6
"750","08F2","2021","PS","3","VL1218","ANE",764.82,1508950.8
"751","08F2","2021","PS","3","VL1218","HMM",318.78,343417.2
"752","08F2","2021","PS","3","VL1218","MAC",105.84,243293.4
"753","08F2","2021","PS","3","VL1218","OTH",78.12,0
"754","08F2","2021","PS","3","VL1218","PIL",24.36,42193.2
"755","08F2","2021","PS","3","VL1218","SAA",244.86,103710.6
"756","08F2","2021","PS","4","VL0612","AMB",193.2,2440149.6
"757","08F2","2021","PS","4","VL0612","BLU",0.84,3649.8
"758","08F2","2021","PS","4","VL0612","BOG",3.78,1331.4
"759","08F2","2021","PS","4","VL0612","HMM",10.08,10857
"760","08F2","2021","PS","4","VL0612","SAA",2575.86,1091017.2
"761","08F2","2021","PS","4","VL0612","SBS",2.1,3116.4
"762","08F2","2021","PS","4","VL0612","YRS",25.62,50584.8
"763","08F3","2021","PS","3","VL1218","MAC",906.3,2083288.5
"764","08F3","2021","PS","3","VL1218","YRS",283.95,560623.5
"765","09F1","2021","PS","1","VL1218","ANE",58.032,114492.3
"766","09F1","2021","PS","1","VL1218","PIL",58.032,100512.23
"767","09F1","2021","PS","1","VL1218","SAA",364.312,154304.67
"768","09F1","2021","PS","2","VL1824","ANE",1350.856,2665171.99
"769","09F1","2021","PS","2","VL1824","BON",2.015,9889.62
"770","09F1","2021","PS","2","VL1824","PIL",198.679,344117.67
"771","09F1","2021","PS","2","VL2440","ANE",373.984,737852.7
"772","09F1","2021","PS","2","VL2440","PIL",99.944,173104.62
"773","09F1","2021","PS","3","VL1218","ANE",1008.306,1989336.96
"774","09F1","2021","PS","3","VL1218","SQM",17.329,50979.5
"775","09F1","2021","PS","3","VL1824","ANE",8161.959,16103134.45
"776","09F1","2021","PS","3","VL1824","LTA",13.702,29495.57
"777","09F1","2021","PS","3","VL1824","PIL",872.898,1511878.68
"778","09F1","2021","PS","3","VL1824","SQM",51.584,151753.68
"779","09F1","2021","PS","3","VL2440","ANE",1547.117,3052382.45
"780","09F1","2021","PS","3","VL2440","LTA",20.15,43378.92
"781","09F1","2021","PS","3","VL2440","PIL",16.12,27919.84
"782","09F1","2021","PS","4","VL1824","ANE",391.716,772837.13
"783","09F1","2021","PS","4","VL2440","ANE",177.32,349844.3
"784","10F1","2021","PS","1","VL1218","ANE",284.616,561533.68
"785","10F1","2021","PS","1","VL1218","PIL",22.656,39239.72
"786","10F1","2021","PS","1","VL1824","ANE",1049.492,2070595.56
"787","10F1","2021","PS","1","VL1824","PIL",247.564,428786.04
"788","10F1","2021","PS","1","VL2440","ANE",257.476,507987.64
"789","10F1","2021","PS","1","VL2440","PIL",11.564,20029.32
"790","10F1","2021","PS","2","VL1218","ANE",16237.036,32034850.04
"791","10F1","2021","PS","2","VL1218","MAC",5.428,12477.32
"792","10F1","2021","PS","2","VL1218","MAZ",4.72,2435.52
"793","10F1","2021","PS","2","VL1218","PIL",621.388,1076256.76
"794","10F1","2021","PS","2","VL1824","ANE",77650.608,153200721.6
"795","10F1","2021","PS","2","VL1824","BON",31.388,154039.56
"796","10F1","2021","PS","2","VL1824","HOM",4.484,4939.48
"797","10F1","2021","PS","2","VL1824","MAC",24.78,56960.96
"798","10F1","2021","PS","2","VL1824","MAZ",30.68,15833.24
"799","10F1","2021","PS","2","VL1824","PIL",2475.168,4287046.2
"800","10F1","2021","PS","2","VL1824","SAA",48.852,20692.48
"801","10F1","2021","PS","2","VL2440","ANE",15667.332,30910852.84
"802","10F1","2021","PS","2","VL2440","BON",7.788,38220.2
"803","10F1","2021","PS","2","VL2440","MAC",4.72,10848.92
"804","10F1","2021","PS","2","VL2440","PIL",527.696,913980.8
"805","10F1","2021","PS","2","VL2440","SQM",0.944,2777.72
"806","10F1","2021","PS","3","VL1218","ANE",7017.224,13844628.48
"807","10F1","2021","PS","3","VL1218","BLU",17.464,75838.6
"808","10F1","2021","PS","3","VL1218","BOG",145.376,51202.56
"809","10F1","2021","PS","3","VL1218","BON",3.068,15056.8
"810","10F1","2021","PS","3","VL1218","BSS",1.416,13317.48
"811","10F1","2021","PS","3","VL1218","HOM",191.632,211125.6
"812","10F1","2021","PS","3","VL1218","MAC",10.148,23326.24
"813","10F1","2021","PS","3","VL1218","MAZ",605.34,312416.8
"814","10F1","2021","PS","3","VL1218","PAC",2.124,6768.48
"815","10F1","2021","PS","3","VL1218","PIL",685.344,1187030.44
"816","10F1","2021","PS","3","VL1218","SAA",501.264,212312.68
"817","10F1","2021","PS","3","VL1218","SQC",25.016,284866.16
"818","10F1","2021","PS","3","VL1218","SQM",40.592,119418.36
"819","10F1","2021","PS","3","VL1824","ANE",17349.54,34229765.68
"820","10F1","2021","PS","3","VL1824","LTA",46.02,99070.44
"821","10F1","2021","PS","3","VL1824","MAZ",11.564,5968.44
"822","10F1","2021","PS","3","VL1824","PIL",5279.792,9144716.8
"823","10F1","2021","PS","3","VL1824","SQM",3.54,10414.68
"824","10F1","2021","PS","3","VL2440","ANE",2267.488,4473639.6
"825","10F1","2021","PS","3","VL2440","PIL",4039.612,6996696.72
"826","10F1","2021","PS","3","VL2440","SQM",9.912,29160.16
"827","10F1","2021","PS","4","VL1218","ANE",3593.572,7089935.6
"828","10F1","2021","PS","4","VL1218","BLU",7.788,33821.16
"829","10F1","2021","PS","4","VL1218","BOG",37.288,13133.4
"830","10F1","2021","PS","4","VL1218","HOM",113.044,124541.92
"831","10F1","2021","PS","4","VL1218","LTA",347.864,748870.48
"832","10F1","2021","PS","4","VL1218","MAC",15.576,35803.56
"833","10F1","2021","PS","4","VL1218","MAZ",1011.732,522157.08
"834","10F1","2021","PS","4","VL1218","PIL",2938.908,5090253.32
"835","10F1","2021","PS","4","VL1218","SAA",48.144,20390.4
"836","10F1","2021","PS","4","VL1218","SQC",8.496,96745.84
"837","10F1","2021","PS","4","VL1824","ANE",32506.876,64134420.72
"838","10F1","2021","PS","4","VL1824","FRI",7.08,6386.16
"839","10F1","2021","PS","4","VL1824","LTA",7.316,15750.64
"840","10F1","2021","PS","4","VL1824","MAC",9.44,21700.2
"841","10F1","2021","PS","4","VL1824","PIL",7714.368,13361456.24
"842","10F1","2021","PS","4","VL1824","SAA",99.12,41982.04
"843","10F1","2021","PS","4","VL1824","SWO",4.72,34838.32
"844","10F1","2021","PS","4","VL2440","ANE",9497.584,18738253.68
"845","10F1","2021","PS","4","VL2440","PIL",560.972,971616.72
"846","10F2","2021","PS","3","VL1824","ANE",263.432,519735.84
"847","10F8","2021","PS","2","VL1824","ANE",56.64,0
"848","10F8","2021","PS","3","VL1824","PIL",24,0
"849","11F1","2021","PS","1","VL1218","ANE",373.704,737299.08
"850","11F1","2021","PS","1","VL1218","HMM",0.516,555.88
"851","11F1","2021","PS","1","VL1218","PIL",139.18,241062.84
"852","11F1","2021","PS","1","VL1218","SAA",5.416,2293.96
"853","11F1","2021","PS","1","VL1824","ANE",662.096,1306281.88
"854","11F1","2021","PS","1","VL1824","HOM",2.1,2313.6
"855","11F1","2021","PS","1","VL1824","PIL",233.404,404260.88
"856","11F1","2021","PS","1","VL1824","SAA",68.132,28857.56
"857","11F1","2021","PS","1","VL2440","ANE",196.964,388600
"858","11F1","2021","PS","1","VL2440","PIL",14.936,25869.48
"859","11F1","2021","PS","2","VL1218","ANE",627.868,1238751.8
"860","11F1","2021","PS","2","VL1218","HMM",7.836,8441.64
"861","11F1","2021","PS","2","VL1218","MAZ",1.74,898
"862","11F1","2021","PS","2","VL1218","PIL",432.648,749355.88
"863","11F1","2021","PS","2","VL1218","SAA",37.436,15856.16
"864","11F1","2021","PS","2","VL1824","ANE",849.424,1675870.56
"865","11F1","2021","PS","2","VL1824","BON",0.104,510.4
"866","11F1","2021","PS","2","VL1824","HOM",2.1,2313.6
"867","11F1","2021","PS","2","VL1824","MAZ",0.668,344.76
"868","11F1","2021","PS","2","VL1824","PIL",445.752,772052.32
"869","11F1","2021","PS","2","VL1824","SAA",56.068,23747.8
"870","11F1","2021","PS","2","VL2440","ANE",330.424,651909.8
"871","11F1","2021","PS","2","VL2440","PIL",233.104,403741.28
"872","11F1","2021","PS","2","VL2440","SAA",12.796,5419.8
"873","11F1","2021","PS","3","VL1218","ANE",736.128,1452343.32
"874","11F1","2021","PS","3","VL1218","FRI",2.604,2348.64
"875","11F1","2021","PS","3","VL1218","HMM",13.012,14017.68
"876","11F1","2021","PS","3","VL1218","MAZ",10.516,5427.32
"877","11F1","2021","PS","3","VL1218","PIL",1142.28,1978454.2
"878","11F1","2021","PS","3","VL1218","SAA",9.912,4198.28
"879","11F1","2021","PS","3","VL1218","SQM",0.772,2271.16
"880","11F1","2021","PS","3","VL1218","YRS",0.152,300.12
"881","11F1","2021","PS","3","VL1824","ANE",859.26,1695276.48
"882","11F1","2021","PS","3","VL1824","FRI",2.228,2009.52
"883","11F1","2021","PS","3","VL1824","HOM",12.824,14128.44
"884","11F1","2021","PS","3","VL1824","LEE",0.068,394.64
"885","11F1","2021","PS","3","VL1824","MAC",0.54,1241.28
"886","11F1","2021","PS","3","VL1824","MAZ",52.308,26996.24
"887","11F1","2021","PS","3","VL1824","PIL",1068.736,1851074.36
"888","11F1","2021","PS","3","VL1824","SAA",55.268,23409
"889","11F1","2021","PS","3","VL1824","SQM",0.928,2730.08
"890","11F1","2021","PS","3","VL1824","YRS",0.432,852.92
"891","11F1","2021","PS","3","VL2440","ANE",405.872,800764.92
"892","11F1","2021","PS","3","VL2440","PIL",476.196,824782
"893","11F1","2021","PS","3","VL2440","SQM",2.96,8708
"894","11F1","2021","PS","4","VL1218","ANE",105.38,207909.4
"895","11F1","2021","PS","4","VL1218","MAZ",15.704,8104.88
"896","11F1","2021","PS","4","VL1218","PIL",191.612,331876.24
"897","11F1","2021","PS","4","VL1218","SAA",15.536,6580.32
"898","11F1","2021","PS","4","VL1824","ANE",150.708,297339.28
"899","11F1","2021","PS","4","VL1824","HOM",3.648,4019.08
"900","11F1","2021","PS","4","VL1824","MAZ",25.116,12962.4
"901","11F1","2021","PS","4","VL1824","PIL",150.172,260101.24
"902","11F1","2021","PS","4","VL1824","SAA",50.504,21391.16
"903","11F1","2021","PS","4","VL2440","ANE",42.62,84087.12
"904","11F1","2021","PS","4","VL2440","PIL",59.192,102521.84
"905","11F2","2021","PS","1","VL1218","ANE",1670.493,3295797.11
"906","11F2","2021","PS","1","VL1218","PIL",2333.333,4041385.42
"907","11F2","2021","PS","1","VL1218","SAA",3866.037,1637475.85
"908","11F2","2021","PS","1","VL1824","ANE",25877.546,51055089.83
"909","11F2","2021","PS","1","VL1824","HOM",80.358,88532.27
"910","11F2","2021","PS","1","VL1824","MAZ",1353.828,698712.81
"911","11F2","2021","PS","1","VL1824","PAC",16.571,52807.01
"912","11F2","2021","PS","1","VL1824","PIL",18089.403,31331245.97
"913","11F2","2021","PS","1","VL1824","SAA",25572.231,10831216.47
"914","11F2","2021","PS","2","VL1218","ANE",5874.533,11590156.92
"915","11F2","2021","PS","2","VL1218","HOM",102.831,113291.16
"916","11F2","2021","PS","2","VL1218","PIL",12530.854,21703717.43
"917","11F2","2021","PS","2","VL1824","ANE",52080.61,102752410.33
"918","11F2","2021","PS","2","VL1824","BON",18.387,90237.04
"919","11F2","2021","PS","2","VL1824","HMM",208.613,224736.81
"920","11F2","2021","PS","2","VL1824","HOM",893.018,983854.32
"921","11F2","2021","PS","2","VL1824","MAC",508.48,1168829.81
"922","11F2","2021","PS","2","VL1824","MAZ",345.04,178074.69
"923","11F2","2021","PS","2","VL1824","PIL",79549.653,137781758.7
"924","11F2","2021","PS","2","VL1824","SAA",13304.924,5635352.18
"925","11F2","2021","PS","2","VL2440","ANE",13821.122,27268375
"926","11F2","2021","PS","2","VL2440","PIL",9102.019,15764898.03
"927","11F2","2021","PS","3","VL1218","ANE",11122.092,21943325.01
"928","11F2","2021","PS","3","VL1218","MAZ",142.783,73691.01
"929","11F2","2021","PS","3","VL1218","PIL",3341.213,5787054.01
"930","11F2","2021","PS","3","VL1218","SAA",528.456,223828.81
"931","11F2","2021","PS","3","VL1824","ANE",56248.33,110975108.51
"932","11F2","2021","PS","3","VL1824","BON",92.616,454522.1
"933","11F2","2021","PS","3","VL1824","FRI",103.512,93360.56
"934","11F2","2021","PS","3","VL1824","HOM",2782.793,3065857.46
"935","11F2","2021","PS","3","VL1824","LTA",1195.836,2574354.79
"936","11F2","2021","PS","3","VL1824","MAC",569.997,1310239.46
"937","11F2","2021","PS","3","VL1824","MAZ",2605.506,1344707.14
"938","11F2","2021","PS","3","VL1824","PIL",23382.135,40498375.38
"939","11F2","2021","PS","3","VL1824","SAA",6054.998,2564616.49
"940","11F2","2021","PS","3","VL1824","SQM",176.152,518220.57
"941","11F2","2021","PS","3","VL1824","YRS",68.327,134903.83
"942","11F2","2021","PS","4","VL1824","ANE",12509.062,24679746.45
"943","11F2","2021","PS","4","VL1824","BON",1404.903,6894695.97
"944","11F2","2021","PS","4","VL1824","HOM",219.963,242338.39
"945","11F2","2021","PS","4","VL1824","LTA",228.589,492099.68
"946","11F2","2021","PS","4","VL1824","MAC",29.51,67834.41
"947","11F2","2021","PS","4","VL1824","MAZ",1860.946,960437
"948","11F2","2021","PS","4","VL1824","PIL",17460.84,30242560.78
"949","11F2","2021","PS","4","VL1824","SAA",13000.971,5506609.13
"950","11F8","2021","PS","3","VL1824","PIL",3.6,0
"951","12F3","2021","PS","1","VL1218","ANE",25923.246,51145253.58
"952","12F3","2021","PS","1","VL1218","PIL",10184.331,17639487.48
"953","12F3","2021","PS","1","VL1218","SAA",14245.827,6033873.9
"954","12F3","2021","PS","1","VL1824","ANE",27490.185,54236742.96
"955","12F3","2021","PS","1","VL1824","PIL",4399.233,7619569.2
"956","12F3","2021","PS","1","VL1824","SAA",14359.539,6082037.73
"957","12F3","2021","PS","2","VL1218","ANE",60182.385,118736800.41
"958","12F3","2021","PS","2","VL1218","BON",43.569,213818.73
"959","12F3","2021","PS","2","VL1218","HOM",236.076,260088.39
"960","12F3","2021","PS","2","VL1218","PIL",25452.021,44083463.37
"961","12F3","2021","PS","2","VL1218","SAA",4464.432,1890928.59
"962","12F3","2021","PS","2","VL1824","ANE",60455.85,119276332.95
"963","12F3","2021","PS","2","VL1824","BOG",68.289,24052.56
"964","12F3","2021","PS","2","VL1824","BON",16.686,81888.09
"965","12F3","2021","PS","2","VL1824","HOM",92.7,102130.68
"966","12F3","2021","PS","2","VL1824","MAZ",144.303,74475.18
"967","12F3","2021","PS","2","VL1824","PIL",21308.331,36906499.59
"968","12F3","2021","PS","2","VL1824","SAA",2421.633,1025691.51
"969","12F3","2021","PS","2","VL2440","ANE",4728.318,9328731.63
"970","12F3","2021","PS","2","VL2440","PIL",1023.099,1772031.57
"971","12F3","2021","PS","3","VL1218","ANE",44936.016,88656484.71
"972","12F3","2021","PS","3","VL1218","HOM",5670.768,6247593.75
"973","12F3","2021","PS","3","VL1218","MAZ",2188.029,1129246.68
"974","12F3","2021","PS","3","VL1218","PIL",24033.093,41625847.32
"975","12F3","2021","PS","3","VL1218","SAA",5356.206,2268640.92
"976","12F3","2021","PS","3","VL1218","SQC",234.84,2674206.51
"977","12F3","2021","PS","3","VL1824","ANE",75112.647,148193452.14
"978","12F3","2021","PS","3","VL1824","HOM",588.645,648523.02
"979","12F3","2021","PS","3","VL1824","MAZ",1746.468,901356.09
"980","12F3","2021","PS","3","VL1824","PIL",29549.67,51180680.43
"981","12F3","2021","PS","3","VL1824","SAA",2977.833,1261273.11
"982","12F3","2021","PS","4","VL1218","ANE",28971.222,57158755.11
"983","12F3","2021","PS","4","VL1218","PIL",2951.877,5112717.09
"984","12F3","2021","PS","4","VL1218","SAA",7657.638,3243421.59
"985","12F3","2021","PS","4","VL1824","ANE",81505.239,160805713.56
"986","12F3","2021","PS","4","VL1824","PIL",8004.336,13863686.7
"987","12F3","2021","PS","4","VL1824","SAA",15791.754,6688657.26
"988","13F3","2021","PS","1","VL0612","ANE",823.515,1624753.2
"989","13F3","2021","PS","1","VL0612","PIL",466.725,808378.2
"990","13F3","2021","PS","1","VL1218","ANE",8293.425,16362508.05
"991","13F3","2021","PS","1","VL1218","HOM",61.74,68020.05
"992","13F3","2021","PS","1","VL1218","PIL",6932.1,12006550.5
"993","13F3","2021","PS","1","VL1218","SAA",3956.4,1675748.55
"994","13F3","2021","PS","1","VL1218","SBA",189.63,316012.2
"995","13F3","2021","PS","1","VL1824","ANE",2898.525,5718643.35
"996","13F3","2021","PS","1","VL1824","HOM",3.465,3817.8
"997","13F3","2021","PS","1","VL1824","JAX",2.835,1724.1
"998","13F3","2021","PS","1","VL1824","PIL",2508.975,4345600.35
"999","13F3","2021","PS","1","VL1824","SAA",2414.79,1022793.45
"1000","13F3","2021","PS","2","VL0612","ANE",202.86,400232.7
"1001","13F3","2021","PS","2","VL0612","HOM",17.325,19086.9
"1002","13F3","2021","PS","2","VL0612","MZZ",106.89,368624.55
"1003","13F3","2021","PS","2","VL0612","PIL",2311.26,4003153.35
"1004","13F3","2021","PS","2","VL0612","SAA",30.87,13074.6
"1005","13F3","2021","PS","2","VL0612","SBS",22.26,33036.15
"1006","13F3","2021","PS","2","VL1218","ANE",2475.165,4883375.7
"1007","13F3","2021","PS","2","VL1218","HMM",69.93,75334.35
"1008","13F3","2021","PS","2","VL1218","HOM",322.035,354791.85
"1009","13F3","2021","PS","2","VL1218","MAC",6.93,15929.55
"1010","13F3","2021","PS","2","VL1218","MAZ",42.525,21947.1
"1011","13F3","2021","PS","2","VL1218","OTH",17.535,0
"1012","13F3","2021","PS","2","VL1218","PIL",13513.815,23406226.2
"1013","13F3","2021","PS","2","VL1218","SAA",3535.35,1497411.3
"1014","13F3","2021","PS","2","VL1218","SBS",38.43,57034.95
"1015","13F3","2021","PS","2","VL1824","ANE",2387.49,4710396.6
"1016","13F3","2021","PS","2","VL1824","BON",0.42,2061.15
"1017","13F3","2021","PS","2","VL1824","HOM",232.365,256001.55
"1018","13F3","2021","PS","2","VL1824","JAX",53.76,32689.65
"1019","13F3","2021","PS","2","VL1824","MAZ",32.025,16528.05
"1020","13F3","2021","PS","2","VL1824","PIL",10813.95,18730000.8
"1021","13F3","2021","PS","2","VL1824","SAA",326.235,138177.9
"1022","13F3","2021","PS","2","VL1824","YRS",5.88,11608.8
"1023","13F3","2021","PS","3","VL0612","ANE",17.22,33973.8
"1024","13F3","2021","PS","3","VL0612","BBS",0.105,612.15
"1025","13F3","2021","PS","3","VL0612","CTB",0,142.905
"1026","13F3","2021","PS","3","VL0612","GFB",0,93.03
"1027","13F3","2021","PS","3","VL0612","HOM",3.57,3933.3
"1028","13F3","2021","PS","3","VL0612","JAA",9.66,3499.65
"1029","13F3","2021","PS","3","VL0612","MAC",5.46,12550.65
"1030","13F3","2021","PS","3","VL0612","MAZ",9.765,5040
"1031","13F3","2021","PS","3","VL0612","PAC",0.105,480.06
"1032","13F3","2021","PS","3","VL0612","PIL",1329.615,2277204.09
"1033","13F3","2021","PS","3","VL0612","RSE",0.105,311.745
"1034","13F3","2021","PS","3","VL0612","SAA",21.63,9161.25
"1035","13F3","2021","PS","3","VL0612","SLM",0,100.17
"1036","13F3","2021","PS","3","VL0612","SQC",10.71,121958.55
"1037","13F3","2021","PS","3","VL0612","SWA",0,191.1
"1038","13F3","2021","PS","3","VL0612","YFX",0.105,221.235
"1039","13F3","2021","PS","3","VL1218","ANE",3342.15,6593892.9
"1040","13F3","2021","PS","3","VL1218","BOG",12.075,4252.5
"1041","13F3","2021","PS","3","VL1218","BON",6.51,31948.35
"1042","13F3","2021","PS","3","VL1218","GAR",8.925,16435.65
"1043","13F3","2021","PS","3","VL1218","HMM",32.13,34613.25
"1044","13F3","2021","PS","3","VL1218","HOM",166.95,183931.65
"1045","13F3","2021","PS","3","VL1218","MAC",59.745,137334.75
"1046","13F3","2021","PS","3","VL1218","MAZ",50.4,26011.65
"1047","13F3","2021","PS","3","VL1218","OTH",89.565,0
"1048","13F3","2021","PS","3","VL1218","PAL",95.445,736302
"1049","13F3","2021","PS","3","VL1218","PIL",11222.4,19437444.6
"1050","13F3","2021","PS","3","VL1218","SAA",3218.67,1363280.1
"1051","13F3","2021","PS","3","VL1824","ANE",1527.75,3014173.05
"1052","13F3","2021","PS","3","VL1824","HOM",13.02,14344.05
"1053","13F3","2021","PS","3","VL1824","JAX",64.26,39074.7
"1054","13F3","2021","PS","3","VL1824","MAZ",372.015,191997.75
"1055","13F3","2021","PS","3","VL1824","PIL",6954.045,12044559.45
"1056","13F3","2021","PS","3","VL1824","SAA",502.11,212670.15
"1057","13F3","2021","PS","4","VL0612","BBS",0,158.235
"1058","13F3","2021","PS","4","VL0612","GFB",0.105,571.095
"1059","13F3","2021","PS","4","VL0612","MGC",0.105,99.435
"1060","13F3","2021","PS","4","VL0612","PAC",0,360.045
"1061","13F3","2021","PS","4","VL0612","SBA",0,111.51
"1062","13F3","2021","PS","4","VL0612","SQC",8.82,100436.7
"1063","13F3","2021","PS","4","VL0612","YFX",0,143.535
"1064","13F3","2021","PS","4","VL1218","ANE",5401.2,10656294.6
"1065","13F3","2021","PS","4","VL1218","BON",9.87,48437.55
"1066","13F3","2021","PS","4","VL1218","HOM",45.15,49742.7
"1067","13F3","2021","PS","4","VL1218","PIL",2296.665,3977874.6
"1068","13F3","2021","PS","4","VL1218","SAA",7751.205,3283052.85
"1069","13F3","2021","PS","4","VL1824","ANE",8108.94,15998528.7
"1070","13F3","2021","PS","4","VL1824","HOM",12.81,14113.05
"1071","13F3","2021","PS","4","VL1824","LEE",1.05,6093.15
"1072","13F3","2021","PS","4","VL1824","MAZ",3.57,1842.75
"1073","13F3","2021","PS","4","VL1824","PIL",1649.55,2857057.35
"1074","13F3","2021","PS","4","VL1824","SAA",3953.985,1674725.85
"1075","13F8","2021","PS","1","VL0612","HOM",5.328,11914.56
"1076","13F8","2021","PS","1","VL0612","MAS",3.168,2812.512
"1077","13F8","2021","PS","2","VL0612","HOM",2.64,5859.408
"1078","13F8","2021","PS","2","VL0612","MAS",2.88,2537.088
"1079","13F8","2021","PS","3","VL0612","HMM",0.24,558.048
"1080","13F8","2021","PS","3","VL0612","SQZ",0,320.448
"1081","14F4","2021","PS","1","VL0612","HOM",0.86,1468.665
"1082","14F4","2021","PS","1","VL0612","OTH",0.43,2203.32
"1083","14F4","2021","PS","1","VL0612","PIL",1.72,2074.965
"1084","14F4","2021","PS","1","VL0612","SHR",0.215,1541.335
"1085","14F4","2021","PS","1","VL0612","SLM",0.43,1263.125
"1086","14F4","2021","PS","2","VL0612","HOM",0.645,999.965
"1087","14F4","2021","PS","2","VL0612","OTH",0.645,3732.185
"1088","14F4","2021","PS","2","VL0612","PIL",2.15,4921.135
"1089","14F4","2021","PS","2","VL0612","SBG",0.86,6946.005
"1090","14F4","2021","PS","3","VL1218","PIL",28.595,46797.76
"1091","14F4","2021","PS","4","VL0612","MGS",0.645,788.405
"1092","14F4","2021","PS","4","VL0612","PIL",10.32,12573.63
"1093","14F4","2021","PS","4","VL1218","ANE",9.89,7272.59
"1094","14F4","2021","PS","4","VL1218","PIL",105.565,212065.68
"1095","14F5","2021","PS","1","VL0612","ANE",19.617,26789.277
"1096","14F5","2021","PS","1","VL0612","PIL",159.451,195981.375
"1097","14F5","2021","PS","2","VL0612","ANE",16.096,21710.486
"1098","14F5","2021","PS","2","VL0612","PIL",148.385,182143.342
"1099","14F5","2021","PS","3","VL0612","BAR",1.006,2221.751
"1100","14F5","2021","PS","3","VL0612","BLU",1.006,9151.079
"1101","14F5","2021","PS","3","VL0612","HMM",23.641,57155.387
"1102","14F5","2021","PS","4","VL0612","HOM",34.204,33091.364
"1103","14F5","2021","PS","4","VL0612","MLR",2.515,1447.131
"1104","14F5","2021","PS","4","VL0612","PIL",327.956,446373.266
"1105","14F5","2021","PS","4","VL0612","SBG",97.079,612964.351
"1106","14F5","2021","PS","4","VL0612","SLM",0.503,911.436
"1107","14F5","2021","PS","4","VL0612","SWA",2.012,9563.539
"1108","14F5","2021","PS","4","VL1218","HOM",3.521,8407.142
"1109","14F5","2021","PS","4","VL1218","OTH",12.575,75618.002
"1110","14F5","2021","PS","4","VL1218","PIL",84.504,151830.047
"1111","14F6","2021","PS","1","VL0612","ANE",106.78,145280.372
"1112","14F6","2021","PS","1","VL0612","PIL",155.112,190927.136
"1113","14F6","2021","PS","2","VL0612","ANE",55.638,76271.83
"1114","14F6","2021","PS","2","VL0612","PIL",64.63,79552.786
"1115","14F6","2021","PS","3","VL0612","BAR",6.744,15890.55
"1116","14F6","2021","PS","3","VL0612","BLU",8.992,65452.768
"1117","14F6","2021","PS","3","VL0612","HMM",170.286,408793.742
"1118","14F6","2021","PS","3","VL0612","HOM",1.686,2481.792
"1119","14F6","2021","PS","3","VL0612","MAC",5.058,14415.3
"1120","14F6","2021","PS","3","VL0612","PIL",0.562,644.052
"1121","14F6","2021","PS","4","VL0612","HOM",0,26.976
"1122","14F6","2021","PS","4","VL0612","MAC",22.48,63135.08
"1123","14F6","2021","PS","4","VL0612","PIL",272.008,333375.59
"1124","14F8","2021","PS","1","VL0612","HOM",16.856,37832.704
"1125","14F8","2021","PS","1","VL0612","MAS",10.094,8930.691
"1126","14F8","2021","PS","2","VL0612","HOM",22.197,49755.384
"1127","14F8","2021","PS","2","VL0612","MAS",24.941,22024.814
"1128","14F8","2021","PS","3","VL0612","HMM",4.116,9874.088
"1129","14F8","2021","PS","3","VL0612","SQZ",0.441,5670.231
"1130","15F6","2021","PS","1","VL0612","ANE",38.808,52901.112
"1131","15F6","2021","PS","1","VL0612","PIL",56.496,69522.816
"1132","15F6","2021","PS","2","VL0612","ANE",20.328,27773.064
"1133","15F6","2021","PS","2","VL0612","PIL",23.496,28967.928
"1134","15F6","2021","PS","3","VL0612","BAR",5.808,13832.016
"1135","15F6","2021","PS","3","VL0612","BLU",7.656,56974.368
"1136","15F6","2021","PS","3","VL0612","HMM",148.104,355842.168
"1137","15F6","2021","PS","3","VL0612","HOM",3.96,6100.776
"1138","15F6","2021","PS","3","VL0612","MAC",12.144,35438.832
"1139","15F6","2021","PS","3","VL0612","PIL",1.584,1583.472
"1140","15F6","2021","PS","4","VL0612","HOM",0,66.264
"1141","15F6","2021","PS","4","VL0612","MAC",54.648,155212.464
"1142","15F6","2021","PS","4","VL0612","PIL",252.384,306940.392
"1143","15F7","2021","PS","1","VL0612","ANE",56.064,76126.152
"1144","15F7","2021","PS","1","VL0612","PIL",81.176,100045.04
"1145","15F7","2021","PS","2","VL0612","ANE",29.2,39966.04
"1146","15F7","2021","PS","2","VL0612","PIL",33.872,41685.336
"1147","15F7","2021","PS","3","VL0612","BAR",2.92,7363.072
"1148","15F7","2021","PS","3","VL0612","BLU",4.088,30328.872
"1149","15F7","2021","PS","3","VL0612","HMM",78.84,189422.152
"1150","15F7","2021","PS","3","VL0612","HOM",0.584,678.024
"1151","15F7","2021","PS","3","VL0612","MAC",1.168,3938.496
"1152","15F7","2021","PS","3","VL0612","PIL",0,175.784
"1153","15F7","2021","PS","4","VL0612","HOM",0,7.592
"1154","15F7","2021","PS","4","VL0612","MAC",6.424,17250.776
"1155","15F7","2021","PS","4","VL0612","PIL",124.392,152470.72
"1156","16F6","2021","PS","3","VL0612","BAR",0,3.78
"1157","16F6","2021","PS","3","VL0612","BLU",0,15.575
"1158","16F6","2021","PS","3","VL0612","HMM",0.04,97.27
"1159","16F6","2021","PS","3","VL0612","HOM",0,2.44
"1160","16F6","2021","PS","3","VL0612","MAC",0.005,14.185
"1161","16F6","2021","PS","3","VL0612","PIL",0,0.635
"1162","16F6","2021","PS","4","VL0612","HOM",0,0.025
"1163","16F6","2021","PS","4","VL0612","MAC",0.02,62.135
"1164","16F6","2021","PS","4","VL0612","PIL",0.075,87.195
"1165","16F7","2021","PS","1","VL0612","ANE",16.912,23215.042
"1166","16F7","2021","PS","1","VL0612","PIL",24.764,30509.248
"1167","16F7","2021","PS","2","VL0612","ANE",9.06,12187.814
"1168","16F7","2021","PS","2","VL0612","PIL",10.268,12712.086
"1169","16F7","2021","PS","3","VL0612","BAR",2.114,5212.52
"1170","16F7","2021","PS","3","VL0612","BLU",3.02,21470.69
"1171","16F7","2021","PS","3","VL0612","HMM",55.87,134097.362
"1172","16F7","2021","PS","3","VL0612","HOM",1.208,2123.362
"1173","16F7","2021","PS","3","VL0612","MAC",4.228,12334.586
"1174","16F7","2021","PS","3","VL0612","PIL",0.604,551.15
"1175","16F7","2021","PS","3","VL1218","PIL",25.368,0
"1176","16F7","2021","PS","4","VL0612","HOM",0,22.952
"1177","16F7","2021","PS","4","VL0612","MAC",19.026,54021.76
"1178","16F7","2021","PS","4","VL0612","PIL",94.224,114922.476
"1179","16F8","2021","PS","1","VL1218","ANE",4.284,0
"1180","16F8","2021","PS","2","VL1218","PIL",4.76,0
"1181","16F8","2021","PS","3","VL1218","PIL",1.19,0
